Tag ID,RSSI,Phase,Frequency,Antenna No.,Created At
9990 1912 9990 9990 9990 0125, -60.5, 1.41126232485479, 920.4, 6, 2022/12/19 18:19:21
2200 0000 42C4 0644 0010 0001, -64, 1.5953400194010667, 920.4, 4, 2022/12/19 18:19:21
5538 0000 4180 0440 0034 0007, -72, 5.491651220630596, 920.4, 4, 2022/12/19 18:19:21
5538 0000 4180 0400 0034 000B, -67, 3.9638063558964967, 920.4, 4, 2022/12/19 18:19:21
2200 0004 A7E0 6014 04E6 376A, -65, 4.295146206079795, 920.4, 4, 2022/12/19 18:19:21
2020 43CB 43A1 E88A 543D 29C9, -61.5, 1.7671458676442586, 920.4, 4, 2022/12/19 18:19:21
9990 1912 9990 9990 9990 0113, -58, 5.982525072754001, 920.4, 4, 2022/12/19 18:19:21
9990 1912 9990 9990 9990 0107, -55, 1.086058397823034, 920.4, 4, 2022/12/19 18:19:21
5538 0000 4180 0400 0034 0007, -65.5, 1.8162332528565992, 920.4, 4, 2022/12/19 18:19:21
2200 4444 B4D0 6014 04E6 3739, -64, 2.6323110320117604, 920.4, 4, 2022/12/19 18:19:21
2200 4444 A450 6014 04E6 3731, -57, 5.681864838328415, 920.4, 4, 2022/12/19 18:19:21
2200 4444 A450 6014 04E6 3731, -60.5, 2.724349879284899, 920.4, 6, 2022/12/19 18:19:21
7B49, -67, 6.135923151542564, 920.4, 4, 2022/12/19 18:19:21
2200 43CB 43A1 D68A 543D 2981, -61, 5.8475347634200645, 920.4, 1, 2022/12/19 18:19:20
2200 43CB 43A1 D68A 543D 2981, -71.5, 2.1659808724945253, 920.4, 4, 2022/12/19 18:19:21
2200 43CB 43A1 E48A 543D 29B9, -68.5, 6.160466844148735, 920.4, 1, 2022/12/19 18:19:20
2200 43CB 43A1 E48A 543D 29B9, -65.5, 1.2762720155208536, 920.4, 4, 2022/12/19 18:19:21
5538 0000 4180 0440 0034 0004, -71.5, 0.37429131224409645, 920.4, 1, 2022/12/19 18:19:20
2020 0000 4000 0000 0000 0012, -62, 2.442097414313941, 920.4, 1, 2022/12/19 18:19:20
2200 43CB 43A1 CD8A 543D 295D, -55.5, 2.067806102069844, 920.4, 1, 2022/12/19 18:19:20
2200 43CB 43A1 CD8A 543D 295D, -65.5, 0.7547185476397354, 920.4, 4, 2022/12/19 18:19:21
2020 43CB 43A2 198A 543D 2A8D, -51.5, 4.865787059173254, 920.4, 1, 2022/12/19 18:19:20
2020 43CB 43A2 198A 543D 2A8D, -58, 6.043884304269426, 920.4, 4, 2022/12/19 18:19:21
E200 4710 6990 6026 B9C9 0110, -60, 3.436116964863836, 920.4, 1, 2022/12/19 18:19:20
E200 4710 6990 6026 B9C9 0110, -61, 0.3436116964863836, 920.4, 1, 2022/12/19 18:19:20
2020 43CB 43A1 E78A 543D 29C5, -56, 5.491651220630596, 920.4, 1, 2022/12/19 18:19:20
2020 43CB 43A1 E78A 543D 29C5, -65.5, 0.1902136176978195, 920.4, 4, 2022/12/19 18:19:21
2020 43CB 43A1 E78A 543D 29C5, -63.5, 4.95168998329485, 920.4, 6, 2022/12/19 18:19:21
5598 0000 4004 0004 000C 0001, -55, 5.473243451175968, 920.4, 1, 2022/12/19 18:19:20
E200 470F 45D0 6023 A129 010E, -56, 4.503767593232243, 920.4, 1, 2022/12/19 18:19:20
E200 470F 45D0 6023 A129 010E, -58, 4.3933209765044765, 920.4, 4, 2022/12/19 18:19:21
E200 470F 45D0 6023 A129 010E, -61.5, 3.834951969714103, 920.4, 6, 2022/12/19 18:19:21
2020 43CB 43A1 E38A 543D 29B5, -65.5, 6.074563920027139, 920.4, 1, 2022/12/19 18:19:20
2020 43CB 43A1 E38A 543D 29B5, -69, 5.730952223540755, 920.4, 4, 2022/12/19 18:19:21
2200 43CB 43A1 DF8A 543D 29A5, -64, 0.8160777791551611, 920.4, 1, 2022/12/19 18:19:20
2200 43CB 43A1 DF8A 543D 29A5, -59.5, 4.289010282928253, 920.4, 4, 2022/12/19 18:19:21
9990 1912 9990 9990 9990 0125, -59, 1.2701360923693108, 920.4, 6, 2022/12/19 18:19:23
5538 0000 4180 0440 0034 0007, -73, 2.2580197197676637, 920.4, 4, 2022/12/19 18:19:23
2020 43CB 43A1 E88A 543D 29C9, -61, 1.7916895602504288, 920.4, 4, 2022/12/19 18:19:23
9990 1912 9990 9990 9990 0113, -58, 6.037748381117884, 920.4, 4, 2022/12/19 18:19:23
9990 1912 9990 9990 9990 0107, -55.5, 1.0246991663076084, 920.4, 4, 2022/12/19 18:19:23
5538 0000 4180 0400 0034 0007, -67, 1.846912868614312, 920.4, 4, 2022/12/19 18:19:23
2200 4444 B4D0 6014 04E6 3739, -64, 2.5893595699509624, 920.4, 4, 2022/12/19 18:19:23
2200 43CB 43A1 DF8A 543D 29A5, -59, 4.190835512503572, 920.4, 4, 2022/12/19 18:19:23
2200 4444 A450 6014 04E6 3731, -57.5, 5.896622148632405, 920.4, 4, 2022/12/19 18:19:23
2200 4444 A450 6014 04E6 3731, -60, 2.718213956133356, 920.4, 6, 2022/12/19 18:19:23
7B49, -67.5, 5.71868037723767, 920.4, 4, 2022/12/19 18:19:23
2200 0004 A7E0 6014 04E6 376A, -64, 4.172427743048944, 920.4, 4, 2022/12/19 18:19:23
E200 4710 6990 6026 B9C9 0110, -61, 0.2270291566070749, 920.4, 1, 2022/12/19 18:19:22
5598 0000 4004 0004 000C 0001, -55, 2.313243028131547, 920.4, 1, 2022/12/19 18:19:22
5538 0000 4180 0400 0034 000B, -71.5, 0.03681553890925539, 920.4, 1, 2022/12/19 18:19:22
5538 0000 4180 0400 0034 000B, -66, 3.9085830475326135, 920.4, 4, 2022/12/19 18:19:23
5538 0000 4180 0440 0034 0004, -71.5, 0.5031456984264903, 920.4, 1, 2022/12/19 18:19:22
2200 43CB 43A1 E48A 543D 29B9, -68, 6.264777537724958, 920.4, 1, 2022/12/19 18:19:22
2200 43CB 43A1 E48A 543D 29B9, -68.5, 1.3069516312785663, 920.4, 4, 2022/12/19 18:19:23
2020 43CB 43A2 198A 543D 2A8D, -51.5, 4.847379289718626, 920.4, 1, 2022/12/19 18:19:22
2020 43CB 43A2 198A 543D 2A8D, -58, 6.135923151542564, 920.4, 4, 2022/12/19 18:19:23
2020 0000 4000 0000 0000 0012, -61.5, 2.478912953223196, 920.4, 1, 2022/12/19 18:19:22
2020 43CB 43A1 E38A 543D 29B5, -65.5, 5.994796919057086, 920.4, 1, 2022/12/19 18:19:22
2020 43CB 43A1 E38A 543D 29B5, -71, 5.749359992995383, 920.4, 4, 2022/12/19 18:19:23
2020 43CB 43A1 E78A 543D 29C5, -56.5, 5.448699758569798, 920.4, 1, 2022/12/19 18:19:22
2020 43CB 43A1 E78A 543D 29C5, -66, 6.234097921967246, 920.4, 4, 2022/12/19 18:19:23
2020 43CB 43A1 E78A 543D 29C5, -62, 1.748738098189631, 920.4, 6, 2022/12/19 18:19:23
2200 43CB 43A1 CD8A 543D 295D, -55.5, 2.110757564130642, 920.4, 1, 2022/12/19 18:19:22
2200 43CB 43A1 CD8A 543D 295D, -64.5, 0.7424467013366504, 920.4, 4, 2022/12/19 18:19:23
E200 470F 45D0 6023 A129 010E, -56, 4.344233591292136, 920.4, 1, 2022/12/19 18:19:22
E200 470F 45D0 6023 A129 010E, -58.5, 4.430136515413731, 920.4, 4, 2022/12/19 18:19:23
E200 470F 45D0 6023 A129 010E, -61, 3.822680123411018, 920.4, 6, 2022/12/19 18:19:23
2200 43CB 43A1 D68A 543D 2981, -61, 5.872078456026235, 920.4, 1, 2022/12/19 18:19:22
9990 1912 9990 9990 9990 0125, -59.5, 1.2333205534600555, 920.4, 6, 2022/12/19 18:19:25
5538 0000 4180 0440 0034 0007, -72, 5.540738605842936, 920.4, 4, 2022/12/19 18:19:25
7B49, -67, 5.7616318392984684, 920.4, 4, 2022/12/19 18:19:25
2200 4444 B4D0 6014 04E6 3739, -64.5, 5.743224069843841, 920.4, 4, 2022/12/19 18:19:25
9990 1912 9990 9990 9990 0113, -57.5, 5.970253226450915, 920.4, 4, 2022/12/19 18:19:25
2200 0004 A7E0 6014 04E6 376A, -64, 4.129476280988146, 920.4, 4, 2022/12/19 18:19:25
2200 4444 A450 6014 04E6 3731, -57.5, 5.724816300389213, 920.4, 4, 2022/12/19 18:19:25
2200 4444 A450 6014 04E6 3731, -60.5, 2.742757648739526, 920.4, 6, 2022/12/19 18:19:25
5538 0000 4180 0400 0034 0007, -66, 2.3071071049800045, 920.4, 4, 2022/12/19 18:19:25
9990 1912 9990 9990 9990 0107, -55, 1.0062913968529805, 920.4, 4, 2022/12/19 18:19:25
2020 43CB 43A1 E38A 543D 29B5, -66.5, 6.037748381117884, 920.4, 1, 2022/12/19 18:19:24
2020 43CB 43A1 E38A 543D 29B5, -69, 5.822991070813893, 920.4, 4, 2022/12/19 18:19:25
5538 0000 4180 0440 0034 0004, -71.5, 3.56497135104623, 920.4, 1, 2022/12/19 18:19:24
2200 43CB 43A1 E98A 543D 29CD, -66, 3.6017868899554855, 920.4, 1, 2022/12/19 18:19:24
E200 4710 6990 6026 B9C9 0110, -61, 0.23316507975861744, 920.4, 1, 2022/12/19 18:19:24
5538 0000 4180 0400 0034 000B, -71.5, 0.07976700097005335, 920.4, 1, 2022/12/19 18:19:24
5538 0000 4180 0400 0034 000B, -66.5, 4.1417481272912315, 920.4, 4, 2022/12/19 18:19:25
2020 43CB 43A1 E88A 543D 29C9, -60.5, 4.331961744989051, 920.4, 1, 2022/12/19 18:19:24
2020 43CB 43A1 E88A 543D 29C9, -61.5, 1.846912868614312, 920.4, 4, 2022/12/19 18:19:25
2200 43CB 43A1 E48A 543D 29B9, -68, 6.160466844148735, 920.4, 1, 2022/12/19 18:19:24
2200 43CB 43A1 E48A 543D 29B9, -67.5, 1.2640001692177683, 920.4, 4, 2022/12/19 18:19:25
5598 0000 4004 0004 000C 0001, -54.5, 5.405748296509, 920.4, 1, 2022/12/19 18:19:24
2200 43CB 43A1 CD8A 543D 295D, -55.5, 2.1046216409791, 920.4, 1, 2022/12/19 18:19:24
2200 43CB 43A1 CD8A 543D 295D, -65, 0.8651651643675016, 920.4, 4, 2022/12/19 18:19:25
2200 43CB 43A1 DF8A 543D 29A5, -64.5, 0.7240389318820226, 920.4, 1, 2022/12/19 18:19:24
2200 43CB 43A1 DF8A 543D 29A5, -59.5, 4.264466590322082, 920.4, 4, 2022/12/19 18:19:25
2200 43CB 43A1 D68A 543D 2981, -61.5, 5.853670686571607, 920.4, 1, 2022/12/19 18:19:24
2200 43CB 43A1 D68A 543D 2981, -71.5, 2.1475731030398975, 920.4, 4, 2022/12/19 18:19:25
2020 43CB 43A2 198A 543D 2A8D, -51.5, 4.914874444385594, 920.4, 1, 2022/12/19 18:19:24
2020 43CB 43A2 198A 543D 2A8D, -58, 0.01227184630308513, 920.4, 4, 2022/12/19 18:19:25
E200 470F 45D0 6023 A129 010E, -56, 4.344233591292136, 920.4, 1, 2022/12/19 18:19:24
E200 470F 45D0 6023 A129 010E, -59.5, 4.313553975534423, 920.4, 4, 2022/12/19 18:19:25
E200 470F 45D0 6023 A129 010E, -61.5, 3.9147189706841563, 920.4, 6, 2022/12/19 18:19:25
2020 43CB 43A1 E78A 543D 29C5, -56.5, 5.485515297479052, 920.4, 1, 2022/12/19 18:19:24
2020 43CB 43A1 E78A 543D 29C5, -65.5, 6.031612457966341, 920.4, 4, 2022/12/19 18:19:25
2020 43CB 43A1 E78A 543D 29C5, -62, 1.8039614065535141, 920.4, 6, 2022/12/19 18:19:25
2020 0000 4000 0000 0000 0012, -62, 2.5770877236478773, 920.4, 1, 2022/12/19 18:19:24
9990 1912 9990 9990 9990 0125, -59, 1.2455923997631406, 920.4, 6, 2022/12/19 18:19:27
5538 0000 4180 0440 0034 0007, -73.5, 2.36846633649543, 920.4, 4, 2022/12/19 18:19:27
2200 0004 A7E0 6014 04E6 376A, -67, 4.246058820867455, 920.4, 4, 2022/12/19 18:19:27
2200 43CB 43A1 E48A 543D 29B9, -68, 1.3130875544301088, 920.4, 4, 2022/12/19 18:19:27
5538 0000 4180 0400 0034 0007, -66.5, 1.9757672547967058, 920.4, 4, 2022/12/19 18:19:27
9990 1912 9990 9990 9990 0113, -58, 6.025476534814799, 920.4, 4, 2022/12/19 18:19:27
2200 4444 A450 6014 04E6 3731, -57.5, 5.773903685601553, 920.4, 4, 2022/12/19 18:19:27
2200 4444 A450 6014 04E6 3731, -60, 2.6998061866787286, 920.4, 6, 2022/12/19 18:19:27
7B49, -67, 0.01227184630308513, 920.4, 4, 2022/12/19 18:19:27
9990 1912 9990 9990 9990 0107, -54.5, 1.012427320004523, 920.4, 4, 2022/12/19 18:19:27
2020 0000 4000 0000 0000 0012, -63.5, 5.583690067903734, 920.4, 1, 2022/12/19 18:19:26
5538 0000 4180 0400 0034 000B, -71.5, 0.04908738521234052, 920.4, 1, 2022/12/19 18:19:26
5538 0000 4180 0400 0034 000B, -66.5, 4.000621894805752, 920.4, 4, 2022/12/19 18:19:27
2020 43CB 43A1 E78A 543D 29C5, -56.5, 5.4671075280244255, 920.4, 1, 2022/12/19 18:19:26
2020 43CB 43A1 E78A 543D 29C5, -62, 1.7303303287350031, 920.4, 6, 2022/12/19 18:19:27
2200 43CB 43A1 E98A 543D 29CD, -65, 3.5772431973493153, 920.4, 1, 2022/12/19 18:19:26
5598 0000 4004 0004 000C 0001, -54.5, 5.375068680751287, 920.4, 1, 2022/12/19 18:19:26
2020 43CB 43A1 E88A 543D 29C9, -61, 4.3074180523828804, 920.4, 1, 2022/12/19 18:19:26
2020 43CB 43A1 E88A 543D 29C9, -62, 1.8407769454627694, 920.4, 4, 2022/12/19 18:19:27
2200 43CB 43A1 CD8A 543D 295D, -55.5, 2.110757564130642, 920.4, 1, 2022/12/19 18:19:26
2200 43CB 43A1 CD8A 543D 295D, -67, 4.086524818927348, 920.4, 4, 2022/12/19 18:19:27
2020 43CB 43A1 E38A 543D 29B5, -66, 5.988660995905543, 920.4, 1, 2022/12/19 18:19:26
2020 43CB 43A2 198A 543D 2A8D, -52, 4.847379289718626, 920.4, 1, 2022/12/19 18:19:26
2020 43CB 43A2 198A 543D 2A8D, -58, 6.154330920997192, 920.4, 4, 2022/12/19 18:19:27
E200 470F 45D0 6023 A129 010E, -56.5, 4.424000592262189, 920.4, 1, 2022/12/19 18:19:26
E200 470F 45D0 6023 A129 010E, -58, 4.3074180523828804, 920.4, 4, 2022/12/19 18:19:27
E200 470F 45D0 6023 A129 010E, -60, 4.184699589352029, 920.4, 6, 2022/12/19 18:19:27
2200 43CB 43A1 DF8A 543D 29A5, -64, 0.8160777791551611, 920.4, 1, 2022/12/19 18:19:26
2200 43CB 43A1 DF8A 543D 29A5, -60.5, 4.172427743048944, 920.4, 4, 2022/12/19 18:19:27
9990 1912 9990 9990 9990 0125, -60, 1.2640001692177683, 920.4, 6, 2022/12/19 18:19:29
5538 0000 4180 0440 0034 0007, -73.5, 2.2641556429192065, 920.4, 4, 2022/12/19 18:19:29
2020 43CB 43A1 E38A 543D 29B5, -70.5, 5.829126993965437, 920.4, 4, 2022/12/19 18:19:29
9990 1912 9990 9990 9990 0107, -56, 1.0492428589137786, 920.4, 4, 2022/12/19 18:19:29
2200 4444 B4D0 6014 04E6 3739, -64, 2.325514874434632, 920.4, 4, 2022/12/19 18:19:29
9990 1912 9990 9990 9990 0113, -57.5, 6.111379458936394, 920.4, 4, 2022/12/19 18:19:29
2200 4444 A450 6014 04E6 3731, -57.5, 5.7616318392984684, 920.4, 4, 2022/12/19 18:19:29
2200 4444 A450 6014 04E6 3731, -60, 2.773437264497239, 920.4, 6, 2022/12/19 18:19:29
2200 0004 A7E0 6014 04E6 376A, -63.5, 4.23378697456437, 920.4, 4, 2022/12/19 18:19:29
2200 43CB 43A1 E48A 543D 29B9, -66.5, 0.9878836273983529, 920.4, 4, 2022/12/19 18:19:29
5538 0000 4180 0400 0034 0007, -65, 1.761009944492716, 920.4, 4, 2022/12/19 18:19:29
7B49, -67, 5.773903685601553, 920.4, 4, 2022/12/19 18:19:29
2200 43CB 43A1 DF8A 543D 29A5, -65.5, 0.9142525495798421, 920.4, 1, 2022/12/19 18:19:28
2200 43CB 43A1 DF8A 543D 29A5, -60, 4.1172044346850605, 920.4, 4, 2022/12/19 18:19:29
5538 0000 4180 0400 0034 000B, -71.5, 0.05522330836388308, 920.4, 1, 2022/12/19 18:19:28
5538 0000 4180 0400 0034 000B, -67, 3.785864584501762, 920.4, 4, 2022/12/19 18:19:29
E200 4710 6990 6026 B9C9 0110, -61.5, 0.30066023442558565, 920.4, 1, 2022/12/19 18:19:28
2200 43CB 43A1 CD8A 543D 295D, -55.5, 2.0923497946760143, 920.4, 1, 2022/12/19 18:19:28
2200 43CB 43A1 CD8A 543D 295D, -66, 0.9940195505498954, 920.4, 4, 2022/12/19 18:19:29
E200 470F 45D0 6023 A129 010E, -56.5, 4.503767593232243, 920.4, 1, 2022/12/19 18:19:28
E200 470F 45D0 6023 A129 010E, -58.5, 4.552854978444583, 920.4, 4, 2022/12/19 18:19:29
E200 470F 45D0 6023 A129 010E, -60, 4.264466590322082, 920.4, 6, 2022/12/19 18:19:29
5598 0000 4004 0004 000C 0001, -54, 5.283029833478148, 920.4, 1, 2022/12/19 18:19:28
2020 43CB 43A1 E88A 543D 29C9, -61, 4.417864669110647, 920.4, 1, 2022/12/19 18:19:28
2020 43CB 43A1 E88A 543D 29C9, -61.5, 1.8346410223112268, 920.4, 4, 2022/12/19 18:19:29
2020 43CB 43A1 E78A 543D 29C5, -56.5, 2.282563412373834, 920.4, 1, 2022/12/19 18:19:28
2020 43CB 43A1 E78A 543D 29C5, -65, 0.02454369260617026, 920.4, 4, 2022/12/19 18:19:29
2020 43CB 43A1 E78A 543D 29C5, -62, 1.7855536370988863, 920.4, 6, 2022/12/19 18:19:29
2020 43CB 43A2 198A 543D 2A8D, -51.5, 4.841243366567084, 920.4, 1, 2022/12/19 18:19:28
2020 43CB 43A2 198A 543D 2A8D, -58, 6.2463697682703305, 920.4, 4, 2022/12/19 18:19:29
9990 1912 9990 9990 9990 0125, -59.5, 1.3008157081270237, 920.4, 6, 2022/12/19 18:19:31
2020 43CB 43A1 E88A 543D 29C9, -63, 1.8100973297050567, 920.4, 4, 2022/12/19 18:19:31
9990 1912 9990 9990 9990 0107, -55, 1.0185632431560658, 920.4, 4, 2022/12/19 18:19:31
2200 4444 B4D0 6014 04E6 3739, -64, 2.423689644859313, 920.4, 4, 2022/12/19 18:19:31
5538 0000 4180 0400 0034 0007, -67, 5.019185137961818, 920.4, 4, 2022/12/19 18:19:31
7B49, -67.5, 0, 920.4, 4, 2022/12/19 18:19:31
9990 1912 9990 9990 9990 0113, -58, 5.945709533844745, 920.4, 4, 2022/12/19 18:19:31
2200 4444 A450 6014 04E6 3731, -57, 5.835262917116979, 920.4, 4, 2022/12/19 18:19:31
2200 4444 A450 6014 04E6 3731, -60.5, 2.718213956133356, 920.4, 6, 2022/12/19 18:19:31
2200 0004 A7E0 6014 04E6 376A, -66, 4.06811704947272, 920.4, 4, 2022/12/19 18:19:31
E200 4710 6990 6026 B9C9 0110, -61.5, 0.2945243112740431, 920.4, 1, 2022/12/19 18:19:30
2020 0000 4000 0000 0000 0012, -62, 2.3746022596469727, 920.4, 1, 2022/12/19 18:19:30
5538 0000 4180 0400 0034 000B, -72, 0.05522330836388308, 920.4, 1, 2022/12/19 18:19:30
5538 0000 4180 0400 0034 000B, -66, 3.761320891895592, 920.4, 4, 2022/12/19 18:19:31
2020 43CB 43A1 E38A 543D 29B5, -66.5, 6.056156150572511, 920.4, 1, 2022/12/19 18:19:30
2200 43CB 43A1 E48A 543D 29B9, -69.5, 0.018407769454627694, 920.4, 1, 2022/12/19 18:19:30
2020 43CB 43A1 E78A 543D 29C5, -56.5, 5.485515297479052, 920.4, 1, 2022/12/19 18:19:30
2020 43CB 43A1 E78A 543D 29C5, -66.5, 6.258641614573416, 920.4, 4, 2022/12/19 18:19:31
2020 43CB 43A1 E78A 543D 29C5, -62.5, 1.6873788666742053, 920.4, 6, 2022/12/19 18:19:31
2200 43CB 43A1 CD8A 543D 295D, -55.5, 2.110757564130642, 920.4, 1, 2022/12/19 18:19:30
2200 43CB 43A1 CD8A 543D 295D, -68, 4.080388895775806, 920.4, 4, 2022/12/19 18:19:31
2200 43CB 43A1 D68A 543D 2981, -62, 5.8659425328746915, 920.4, 1, 2022/12/19 18:19:30
2200 43CB 43A1 D68A 543D 2981, -71.5, 2.2457478734645786, 920.4, 4, 2022/12/19 18:19:31
E200 470F 45D0 6023 A129 010E, -56, 4.509903516383785, 920.4, 1, 2022/12/19 18:19:30
E200 470F 45D0 6023 A129 010E, -58.5, 4.804427827657828, 920.4, 4, 2022/12/19 18:19:31
E200 470F 45D0 6023 A129 010E, -59.5, 4.448544284868359, 920.4, 6, 2022/12/19 18:19:31
5598 0000 4004 0004 000C 0001, -54, 5.289165756629691, 920.4, 1, 2022/12/19 18:19:30
2020 43CB 43A2 198A 543D 2A8D, -51.5, 4.878058905476339, 920.4, 1, 2022/12/19 18:19:30
2020 43CB 43A2 198A 543D 2A8D, -58.5, 6.166602767300278, 920.4, 4, 2022/12/19 18:19:31
2200 43CB 43A1 E98A 543D 29CD, -66, 3.5833791205008576, 920.4, 1, 2022/12/19 18:19:30
2200 43CB 43A1 DF8A 543D 29A5, -64, 0.8467573949128739, 920.4, 1, 2022/12/19 18:19:30
2200 43CB 43A1 DF8A 543D 29A5, -59.5, 4.154019973594316, 920.4, 4, 2022/12/19 18:19:31
9990 1912 9990 9990 9990 0125, -58.5, 1.3130875544301088, 920.4, 6, 2022/12/19 18:19:33
5538 0000 4180 0400 0034 0007, -68, 1.8653206380689396, 920.4, 4, 2022/12/19 18:19:33
2200 0004 A7E0 6014 04E6 376A, -65, 4.09266074207889, 920.4, 4, 2022/12/19 18:19:33
9990 1912 9990 9990 9990 0107, -55, 1.0062913968529805, 920.4, 4, 2022/12/19 18:19:33
2200 43CB 43A1 DF8A 543D 29A5, -59.5, 4.1417481272912315, 920.4, 4, 2022/12/19 18:19:33
2200 43CB 43A1 E48A 543D 29B9, -66, 1.2026409377023426, 920.4, 4, 2022/12/19 18:19:33
2020 43CB 43A1 E88A 543D 29C9, -61, 1.8837284075235674, 920.4, 4, 2022/12/19 18:19:33
2200 4444 B4D0 6014 04E6 3739, -63.5, 2.2886993355253766, 920.4, 4, 2022/12/19 18:19:33
7B49, -67.5, 5.822991070813893, 920.4, 4, 2022/12/19 18:19:33
9990 1912 9990 9990 9990 0113, -57.5, 6.019340611663256, 920.4, 4, 2022/12/19 18:19:33
2200 4444 A450 6014 04E6 3731, -57.5, 5.786175531904639, 920.4, 4, 2022/12/19 18:19:33
2200 4444 A450 6014 04E6 3731, -60.5, 2.718213956133356, 920.4, 6, 2022/12/19 18:19:33
2020 43CB 43A1 E38A 543D 29B5, -66.5, 6.025476534814799, 920.4, 1, 2022/12/19 18:19:32
2020 43CB 43A1 E38A 543D 29B5, -70.5, 5.829126993965437, 920.4, 4, 2022/12/19 18:19:33
2200 43CB 43A1 D68A 543D 2981, -63, 2.724349879284899, 920.4, 1, 2022/12/19 18:19:32
2200 43CB 43A1 D68A 543D 2981, -71.5, 2.448233337465483, 920.4, 4, 2022/12/19 18:19:33
E200 4710 6990 6026 B9C9 0110, -62, 0.2945243112740431, 920.4, 1, 2022/12/19 18:19:32
2020 0000 4000 0000 0000 0012, -63, 2.36846633649543, 920.4, 1, 2022/12/19 18:19:32
5538 0000 4180 0400 0034 000B, -71.5, 0.04908738521234052, 920.4, 1, 2022/12/19 18:19:32
5538 0000 4180 0400 0034 000B, -66.5, 3.7429131224409646, 920.4, 4, 2022/12/19 18:19:33
2020 43CB 43A1 E78A 543D 29C5, -56.5, 5.436427912266712, 920.4, 1, 2022/12/19 18:19:32
2020 43CB 43A1 E78A 543D 29C5, -66, 6.154330920997192, 920.4, 4, 2022/12/19 18:19:33
2020 43CB 43A1 E78A 543D 29C5, -62, 1.7978254834019713, 920.4, 6, 2022/12/19 18:19:33
5598 0000 4004 0004 000C 0001, -54, 5.258486140871978, 920.4, 1, 2022/12/19 18:19:32
E200 470F 45D0 6023 A129 010E, -56.5, 4.546719055293041, 920.4, 1, 2022/12/19 18:19:32
E200 470F 45D0 6023 A129 010E, -60, 4.4362724385652745, 920.4, 4, 2022/12/19 18:19:33
E200 470F 45D0 6023 A129 010E, -60, 4.319689898685965, 920.4, 6, 2022/12/19 18:19:33
2200 43CB 43A1 CD8A 543D 295D, -55.5, 2.073942025221387, 920.4, 1, 2022/12/19 18:19:32
2200 43CB 43A1 CD8A 543D 295D, -67.5, 0.803805932852076, 920.4, 4, 2022/12/19 18:19:33
2020 43CB 43A2 198A 543D 2A8D, -51.5, 4.841243366567084, 920.4, 1, 2022/12/19 18:19:32
2020 43CB 43A2 198A 543D 2A8D, -57.5, 6.252505691421874, 920.4, 4, 2022/12/19 18:19:33
9990 1912 9990 9990 9990 0125, -59.5, 1.2578642460662257, 920.4, 6, 2022/12/19 18:19:35
5538 0000 4180 0440 0034 0007, -74, 5.497787143782138, 920.4, 4, 2022/12/19 18:19:35
5538 0000 4180 0400 0034 0007, -65.5, 2.030990563160589, 920.4, 4, 2022/12/19 18:19:35
9990 1912 9990 9990 9990 0107, -54.5, 1.0369710126106935, 920.4, 4, 2022/12/19 18:19:35
7B49, -67, 6.1850105367549055, 920.4, 4, 2022/12/19 18:19:35
2200 43CB 43A1 E48A 543D 29B9, -65.5, 1.380582709097077, 920.4, 4, 2022/12/19 18:19:35
2200 4444 A450 6014 04E6 3731, -57.5, 5.749359992995383, 920.4, 4, 2022/12/19 18:19:35
2200 4444 A450 6014 04E6 3731, -60.5, 2.6998061866787286, 920.4, 6, 2022/12/19 18:19:35
2200 4444 B4D0 6014 04E6 3739, -64, 2.6998061866787286, 920.4, 4, 2022/12/19 18:19:35
2200 0004 A7E0 6014 04E6 376A, -65, 4.190835512503572, 920.4, 4, 2022/12/19 18:19:35
9990 1912 9990 9990 9990 0113, -58, 6.117515382087937, 920.4, 4, 2022/12/19 18:19:35
2200 43CB 43A1 D68A 543D 2981, -63.5, 5.9088939949354895, 920.4, 1, 2022/12/19 18:19:34
E200 4710 6990 6026 B9C9 0110, -61, 0.2270291566070749, 920.4, 1, 2022/12/19 18:19:34
2020 43CB 43A1 E88A 543D 29C9, -62.5, 4.338097668140593, 920.4, 1, 2022/12/19 18:19:34
5538 0000 4180 0400 0034 000B, -71.5, 0.16566992509164924, 920.4, 1, 2022/12/19 18:19:34
5538 0000 4180 0400 0034 000B, -66.5, 0.8406214717613314, 920.4, 4, 2022/12/19 18:19:35
2200 43CB 43A1 DF8A 543D 29A5, -64.5, 0.7301748550335652, 920.4, 1, 2022/12/19 18:19:34
2200 43CB 43A1 DF8A 543D 29A5, -61, 4.1417481272912315, 920.4, 4, 2022/12/19 18:19:35
2020 43CB 43A1 E78A 543D 29C5, -56.5, 5.436427912266712, 920.4, 1, 2022/12/19 18:19:34
2020 43CB 43A1 E78A 543D 29C5, -68, 0.018407769454627694, 920.4, 4, 2022/12/19 18:19:35
2020 43CB 43A1 E78A 543D 29C5, -61.5, 1.7548740213411735, 920.4, 6, 2022/12/19 18:19:35
2200 43CB 43A1 CD8A 543D 295D, -55.5, 2.0800779483729293, 920.4, 1, 2022/12/19 18:19:34
2200 43CB 43A1 CD8A 543D 295D, -68.5, 0.9572040116406401, 920.4, 4, 2022/12/19 18:19:35
2020 43CB 43A2 198A 543D 2A8D, -52, 4.853515212870168, 920.4, 1, 2022/12/19 18:19:34
2020 43CB 43A2 198A 543D 2A8D, -58, 6.14819499784565, 920.4, 4, 2022/12/19 18:19:35
2020 0000 4000 0000 0000 0012, -62, 2.4175537217077703, 920.4, 1, 2022/12/19 18:19:34
E200 470F 45D0 6023 A129 010E, -56.5, 4.3933209765044765, 920.4, 1, 2022/12/19 18:19:34
E200 470F 45D0 6023 A129 010E, -59, 4.442408361716817, 920.4, 4, 2022/12/19 18:19:35
E200 470F 45D0 6023 A129 010E, -60, 4.2031073588066565, 920.4, 6, 2022/12/19 18:19:35
2200 43CB 43A1 E98A 543D 29CD, -65.5, 3.650874275167826, 920.4, 1, 2022/12/19 18:19:34
5598 0000 4004 0004 000C 0001, -54, 5.283029833478148, 920.4, 1, 2022/12/19 18:19:34
9990 1912 9990 9990 9990 0125, -59.5, 1.3008157081270237, 920.4, 6, 2022/12/19 18:19:37
2200 43CB 43A1 E48A 543D 29B9, -65, 1.0921943209745766, 920.4, 4, 2022/12/19 18:19:37
5538 0000 4180 0400 0034 000B, -67.5, 3.834951969714103, 920.4, 4, 2022/12/19 18:19:37
9990 1912 9990 9990 9990 0107, -56, 1.0369710126106935, 920.4, 4, 2022/12/19 18:19:37
5538 0000 4180 0440 0034 0007, -72, 5.47937937432751, 920.4, 4, 2022/12/19 18:19:37
9990 1912 9990 9990 9990 0113, -58, 6.031612457966341, 920.4, 4, 2022/12/19 18:19:37
7B49, -68, 5.773903685601553, 920.4, 4, 2022/12/19 18:19:37
2200 0004 A7E0 6014 04E6 376A, -64.5, 3.847223816017188, 920.4, 4, 2022/12/19 18:19:37
2200 4444 B4D0 6014 04E6 3739, -64, 2.6323110320117604, 920.4, 4, 2022/12/19 18:19:37
2200 4444 A450 6014 04E6 3731, -57.5, 5.816855147662351, 920.4, 4, 2022/12/19 18:19:37
2200 4444 A450 6014 04E6 3731, -60.5, 2.6200391857086753, 920.4, 6, 2022/12/19 18:19:37
5538 0000 4180 0400 0034 0007, -65.5, 1.8775924843720249, 920.4, 4, 2022/12/19 18:19:37
2200 43CB 43A1 DF8A 543D 29A5, -65.5, 0.8528933180644165, 920.4, 1, 2022/12/19 18:19:36
2200 43CB 43A1 DF8A 543D 29A5, -60.5, 4.025165587411922, 920.4, 4, 2022/12/19 18:19:37
2020 0000 4000 0000 0000 0012, -62.5, 2.5402721847386216, 920.4, 1, 2022/12/19 18:19:36
2200 43CB 43A1 CD8A 543D 295D, -55.5, 2.0493983326152168, 920.4, 1, 2022/12/19 18:19:36
2200 43CB 43A1 CD8A 543D 295D, -65, 0.9142525495798421, 920.4, 4, 2022/12/19 18:19:37
2020 43CB 43A1 E88A 543D 29C9, -61.5, 4.23378697456437, 920.4, 1, 2022/12/19 18:19:36
2020 43CB 43A1 E38A 543D 29B5, -65.5, 5.945709533844745, 920.4, 1, 2022/12/19 18:19:36
2020 43CB 43A1 E38A 543D 29B5, -67.5, 6.2034183062095325, 920.4, 4, 2022/12/19 18:19:37
E200 4710 6990 6026 B9C9 0110, -61.5, 0.21475731030398976, 920.4, 1, 2022/12/19 18:19:36
2020 43CB 43A1 E78A 543D 29C5, -56.5, 5.4671075280244255, 920.4, 1, 2022/12/19 18:19:36
2020 43CB 43A1 E78A 543D 29C5, -66, 6.264777537724958, 920.4, 4, 2022/12/19 18:19:37
2020 43CB 43A1 E78A 543D 29C5, -62, 1.7916895602504288, 920.4, 6, 2022/12/19 18:19:37
2020 43CB 43A2 198A 543D 2A8D, -52, 4.847379289718626, 920.4, 1, 2022/12/19 18:19:36
5598 0000 4004 0004 000C 0001, -53.5, 5.240078371417351, 920.4, 1, 2022/12/19 18:19:36
2200 43CB 43A1 E98A 543D 29CD, -66, 3.485204350076177, 920.4, 1, 2022/12/19 18:19:36
E200 470F 45D0 6023 A129 010E, -56.5, 4.4362724385652745, 920.4, 1, 2022/12/19 18:19:36
E200 470F 45D0 6023 A129 010E, -58.5, 4.319689898685965, 920.4, 4, 2022/12/19 18:19:37
E200 470F 45D0 6023 A129 010E, -59.5, 4.362641360746763, 920.4, 6, 2022/12/19 18:19:37
2200 43CB 43A1 D68A 543D 2981, -62.5, 2.675262494072558, 920.4, 1, 2022/12/19 18:19:36
9990 1912 9990 9990 9990 0125, -59, 1.2578642460662257, 920.4, 6, 2022/12/19 18:19:39
5538 0000 4180 0400 0034 0007, -65, 1.8100973297050567, 920.4, 4, 2022/12/19 18:19:39
7B49, -67, 5.5714182216006485, 920.4, 4, 2022/12/19 18:19:39
2200 4444 B4D0 6014 04E6 3739, -63.5, 2.411417798556228, 920.4, 4, 2022/12/19 18:19:39
2200 43CB 43A1 DF8A 543D 29A5, -60, 4.184699589352029, 920.4, 4, 2022/12/19 18:19:39
9990 1912 9990 9990 9990 0107, -55, 1.0615147052168636, 920.4, 4, 2022/12/19 18:19:39
5538 0000 4180 0400 0034 000B, -66.5, 3.6876898140770815, 920.4, 4, 2022/12/19 18:19:39
2200 4444 A450 6014 04E6 3731, -57.5, 5.872078456026235, 920.4, 4, 2022/12/19 18:19:39
2200 4444 A450 6014 04E6 3731, -60.5, 2.6261751088602177, 920.4, 6, 2022/12/19 18:19:39
9990 1912 9990 9990 9990 0113, -57.5, 6.068427996875596, 920.4, 4, 2022/12/19 18:19:39
2200 0004 A7E0 6014 04E6 376A, -64, 4.135612204139688, 920.4, 4, 2022/12/19 18:19:39
E200 4710 6990 6026 B9C9 0110, -61, 0.21475731030398976, 920.4, 1, 2022/12/19 18:19:38
2200 43CB 43A1 E48A 543D 29B9, -70.5, 6.22182607566416, 920.4, 1, 2022/12/19 18:19:38
2200 43CB 43A1 E48A 543D 29B9, -65.5, 1.3437671701878218, 920.4, 4, 2022/12/19 18:19:39
2020 43CB 43A1 E88A 543D 29C9, -61.5, 4.331961744989051, 920.4, 1, 2022/12/19 18:19:38
2020 43CB 43A1 E88A 543D 29C9, -62.5, 1.7916895602504288, 920.4, 4, 2022/12/19 18:19:39
2020 43CB 43A1 E38A 543D 29B5, -65.5, 6.019340611663256, 920.4, 1, 2022/12/19 18:19:38
2020 43CB 43A1 E38A 543D 29B5, -70, 5.878214379177777, 920.4, 4, 2022/12/19 18:19:39
2020 43CB 43A1 E78A 543D 29C5, -56.5, 5.43029198911517, 920.4, 1, 2022/12/19 18:19:38
2020 43CB 43A1 E78A 543D 29C5, -66, 0.22089323345553233, 920.4, 4, 2022/12/19 18:19:39
2020 43CB 43A1 E78A 543D 29C5, -62.5, 1.6935147898257479, 920.4, 6, 2022/12/19 18:19:39
2200 43CB 43A1 D68A 543D 2981, -62.5, 5.835262917116979, 920.4, 1, 2022/12/19 18:19:38
2020 43CB 43A2 198A 543D 2A8D, -52, 4.853515212870168, 920.4, 1, 2022/12/19 18:19:38
2020 43CB 43A2 198A 543D 2A8D, -58, 6.0991076126333095, 920.4, 4, 2022/12/19 18:19:39
2020 0000 4000 0000 0000 0012, -63, 2.4175537217077703, 920.4, 1, 2022/12/19 18:19:38
E200 470F 45D0 6023 A129 010E, -57, 4.509903516383785, 920.4, 1, 2022/12/19 18:19:38
E200 470F 45D0 6023 A129 010E, -59.5, 4.270602513473625, 920.4, 4, 2022/12/19 18:19:39
E200 470F 45D0 6023 A129 010E, -59.5, 4.387185053352934, 920.4, 6, 2022/12/19 18:19:39
2200 43CB 43A1 CD8A 543D 295D, -55.5, 2.024854640009046, 920.4, 1, 2022/12/19 18:19:38
2200 43CB 43A1 CD8A 543D 295D, -66, 0.9510680884890975, 920.4, 4, 2022/12/19 18:19:39
2200 43CB 43A1 E98A 543D 29CD, -65.5, 3.6201946594101133, 920.4, 1, 2022/12/19 18:19:38
5598 0000 4004 0004 000C 0001, -54, 5.313709449235861, 920.4, 1, 2022/12/19 18:19:38
9990 1912 9990 9990 9990 0125, -59, 1.3008157081270237, 920.4, 6, 2022/12/19 18:19:41
5538 0000 4180 0440 0034 0007, -72, 5.546874528994478, 920.4, 4, 2022/12/19 18:19:41
9990 1912 9990 9990 9990 0107, -56, 1.0246991663076084, 920.4, 4, 2022/12/19 18:19:41
2200 43CB 43A1 DF8A 543D 29A5, -59.5, 4.2031073588066565, 920.4, 4, 2022/12/19 18:19:41
9990 1912 9990 9990 9990 0113, -57.5, 5.902758071783947, 920.4, 4, 2022/12/19 18:19:41
2020 43CB 43A1 E88A 543D 29C9, -61.5, 1.846912868614312, 920.4, 4, 2022/12/19 18:19:41
2200 0004 A7E0 6014 04E6 376A, -65, 4.074252972624263, 920.4, 4, 2022/12/19 18:19:41
7B49, -66.5, 6.227961998815704, 920.4, 4, 2022/12/19 18:19:41
2200 4444 B4D0 6014 04E6 3739, -64, 2.380738182798515, 920.4, 4, 2022/12/19 18:19:41
2200 4444 A450 6014 04E6 3731, -57.5, 5.755495916146925, 920.4, 4, 2022/12/19 18:19:41
2200 4444 A450 6014 04E6 3731, -60.5, 2.5954954931025047, 920.4, 6, 2022/12/19 18:19:41
5538 0000 4180 0400 0034 0007, -65.5, 1.7671458676442586, 920.4, 4, 2022/12/19 18:19:41
E200 4710 6990 6026 B9C9 0110, -61.5, 0.1718058482431918, 920.4, 1, 2022/12/19 18:19:40
5598 0000 4004 0004 000C 0001, -54.5, 2.1475731030398975, 920.4, 1, 2022/12/19 18:19:40
2020 43CB 43A1 E38A 543D 29B5, -66, 5.939573610693203, 920.4, 1, 2022/12/19 18:19:40
5538 0000 4180 0400 0034 000B, -72, 0.07363107781851078, 920.4, 1, 2022/12/19 18:19:40
5538 0000 4180 0400 0034 000B, -66.5, 4.031301510563465, 920.4, 4, 2022/12/19 18:19:41
2020 43CB 43A2 198A 543D 2A8D, -52, 4.896466674930966, 920.4, 1, 2022/12/19 18:19:40
2020 43CB 43A2 198A 543D 2A8D, -58, 6.215690152512618, 920.4, 4, 2022/12/19 18:19:41
2020 43CB 43A1 E78A 543D 29C5, -56.5, 5.460971604872882, 920.4, 1, 2022/12/19 18:19:40
2020 43CB 43A1 E78A 543D 29C5, -66, 6.264777537724958, 920.4, 4, 2022/12/19 18:19:41
2020 43CB 43A1 E78A 543D 29C5, -63.5, 4.871922982324796, 920.4, 6, 2022/12/19 18:19:41
E200 470F 45D0 6023 A129 010E, -57, 4.466952054322987, 920.4, 1, 2022/12/19 18:19:40
E200 470F 45D0 6023 A129 010E, -59.5, 4.356505437595221, 920.4, 4, 2022/12/19 18:19:41
E200 470F 45D0 6023 A129 010E, -59.5, 4.546719055293041, 920.4, 6, 2022/12/19 18:19:41
2020 0000 4000 0000 0000 0012, -62.5, 2.442097414313941, 920.4, 1, 2022/12/19 18:19:40
2200 43CB 43A1 CD8A 543D 295D, -55, 2.0371264863121317, 920.4, 1, 2022/12/19 18:19:40
9990 1912 9990 9990 9990 0125, -58.5, 1.1965050145508, 920.4, 6, 2022/12/19 18:19:43
2200 0000 42C4 0644 0010 0001, -64.5, 1.5585244804918115, 920.4, 4, 2022/12/19 18:19:43
2200 43CB 43A1 E48A 543D 29B9, -68, 1.3069516312785663, 920.4, 4, 2022/12/19 18:19:43
2200 4444 B4D0 6014 04E6 3739, -63.5, 2.478912953223196, 920.4, 4, 2022/12/19 18:19:43
9990 1912 9990 9990 9990 0107, -55, 1.0369710126106935, 920.4, 4, 2022/12/19 18:19:43
2200 43CB 43A1 DF8A 543D 29A5, -59.5, 4.2031073588066565, 920.4, 4, 2022/12/19 18:19:43
5538 0000 4180 0400 0034 0007, -66, 1.9144080232812801, 920.4, 4, 2022/12/19 18:19:43
2200 0004 A7E0 6014 04E6 376A, -64, 4.1601558967458585, 920.4, 4, 2022/12/19 18:19:43
9990 1912 9990 9990 9990 0113, -58, 5.927301764390117, 920.4, 4, 2022/12/19 18:19:43
2200 4444 A450 6014 04E6 3731, -57.5, 5.853670686571607, 920.4, 4, 2022/12/19 18:19:43
2200 4444 A450 6014 04E6 3731, -60.5, 2.693670263527186, 920.4, 6, 2022/12/19 18:19:43
7B49, -67, 5.988660995905543, 920.4, 4, 2022/12/19 18:19:43
2200 43CB 43A1 D68A 543D 2981, -64, 5.853670686571607, 920.4, 1, 2022/12/19 18:19:42
5538 0000 4180 0400 0034 000B, -72, 0.07363107781851078, 920.4, 1, 2022/12/19 18:19:42
5538 0000 4180 0400 0034 000B, -66.5, 4.037437433715008, 920.4, 4, 2022/12/19 18:19:43
2020 43CB 43A1 E38A 543D 29B5, -66, 6.007068765360171, 920.4, 1, 2022/12/19 18:19:42
2020 43CB 43A1 E38A 543D 29B5, -70.5, 5.859806609723149, 920.4, 4, 2022/12/19 18:19:43
2020 43CB 43A1 E88A 543D 29C9, -62.5, 4.270602513473625, 920.4, 1, 2022/12/19 18:19:42
2020 43CB 43A1 E88A 543D 29C9, -61, 1.7548740213411735, 920.4, 4, 2022/12/19 18:19:43
5598 0000 4004 0004 000C 0001, -53.5, 5.246214294568893, 920.4, 1, 2022/12/19 18:19:42
2020 43CB 43A2 198A 543D 2A8D, -51.5, 4.878058905476339, 920.4, 1, 2022/12/19 18:19:42
2020 43CB 43A2 198A 543D 2A8D, -57.5, 6.2463697682703305, 920.4, 4, 2022/12/19 18:19:43
E200 4710 6990 6026 B9C9 0110, -62, 0.14726215563702155, 920.4, 1, 2022/12/19 18:19:42
E200 4710 6990 6026 B9C9 0110, -61, 3.3195344249845276, 920.4, 1, 2022/12/19 18:19:42
2200 43CB 43A1 CD8A 543D 295D, -55.5, 2.018718716857504, 920.4, 1, 2022/12/19 18:19:42
2200 43CB 43A1 CD8A 543D 295D, -68.5, 0.8651651643675016, 920.4, 4, 2022/12/19 18:19:43
2020 43CB 43A1 E78A 543D 29C5, -56.5, 5.381204603902829, 920.4, 1, 2022/12/19 18:19:42
2020 43CB 43A1 E78A 543D 29C5, -66.5, 0.006135923151542565, 920.4, 4, 2022/12/19 18:19:43
2020 43CB 43A1 E78A 543D 29C5, -62.5, 1.6935147898257479, 920.4, 6, 2022/12/19 18:19:43
E200 470F 45D0 6023 A129 010E, -57, 4.466952054322987, 920.4, 1, 2022/12/19 18:19:42
E200 470F 45D0 6023 A129 010E, -58.5, 4.331961744989051, 920.4, 4, 2022/12/19 18:19:43
E200 470F 45D0 6023 A129 010E, -59, 4.331961744989051, 920.4, 6, 2022/12/19 18:19:43
9990 1912 9990 9990 9990 0125, -58.5, 1.1535535524900022, 920.4, 6, 2022/12/19 18:19:45
5538 0000 4180 0440 0034 0007, -72.5, 5.565282298449106, 920.4, 4, 2022/12/19 18:19:45
2200 0000 42C4 0644 0010 0001, -64, 4.73693267299086, 920.4, 4, 2022/12/19 18:19:45
7B49, -68, 5.522330836388308, 920.4, 4, 2022/12/19 18:19:45
2200 43CB 43A1 E48A 543D 29B9, -66.5, 1.2517283229146832, 920.4, 4, 2022/12/19 18:19:45
9990 1912 9990 9990 9990 0113, -57.5, 5.9088939949354895, 920.4, 4, 2022/12/19 18:19:45
5538 0000 4180 0400 0034 0007, -65.5, 1.8775924843720249, 920.4, 4, 2022/12/19 18:19:45
2200 4444 B4D0 6014 04E6 3739, -64, 2.4605051837685683, 920.4, 4, 2022/12/19 18:19:45
2200 4444 A450 6014 04E6 3731, -57.5, 5.792311455056181, 920.4, 4, 2022/12/19 18:19:45
2200 4444 A450 6014 04E6 3731, -60.5, 2.5832236467994196, 920.4, 6, 2022/12/19 18:19:45
2200 0004 A7E0 6014 04E6 376A, -65, 4.049709280018092, 920.4, 4, 2022/12/19 18:19:45
5538 0000 4180 0400 0034 000B, -66.5, 3.810408277107933, 920.4, 4, 2022/12/19 18:19:45
9990 1912 9990 9990 9990 0107, -55.5, 1.0246991663076084, 920.4, 4, 2022/12/19 18:19:45
2020 43CB 43A1 E38A 543D 29B5, -66.5, 6.037748381117884, 920.4, 1, 2022/12/19 18:19:44
2200 43CB 43A1 CD8A 543D 295D, -55.5, 2.000310947402876, 920.4, 1, 2022/12/19 18:19:44
2200 43CB 43A1 CD8A 543D 295D, -68, 0.9387962421860124, 920.4, 4, 2022/12/19 18:19:45
2020 43CB 43A1 E88A 543D 29C9, -63, 4.178563666200486, 920.4, 1, 2022/12/19 18:19:44
2020 43CB 43A1 E88A 543D 29C9, -62, 1.8407769454627694, 920.4, 4, 2022/12/19 18:19:45
2020 43CB 43A2 198A 543D 2A8D, -51.5, 4.902602598082509, 920.4, 1, 2022/12/19 18:19:44
2020 43CB 43A2 198A 543D 2A8D, -58, 6.215690152512618, 920.4, 4, 2022/12/19 18:19:45
2200 43CB 43A1 DF8A 543D 29A5, -66, 0.8528933180644165, 920.4, 1, 2022/12/19 18:19:44
2200 43CB 43A1 DF8A 543D 29A5, -60, 4.1172044346850605, 920.4, 4, 2022/12/19 18:19:45
2020 43CB 43A1 E78A 543D 29C5, -57, 5.5100589900852235, 920.4, 1, 2022/12/19 18:19:44
2020 43CB 43A1 E78A 543D 29C5, -65.5, 0.04295146206079795, 920.4, 4, 2022/12/19 18:19:45
2020 43CB 43A1 E78A 543D 29C5, -62, 1.7241944055834606, 920.4, 6, 2022/12/19 18:19:45
E200 4710 6990 6026 B9C9 0110, -60.5, 3.2643111166206444, 920.4, 1, 2022/12/19 18:19:44
2020 0000 4000 0000 0000 0012, -64, 2.380738182798515, 920.4, 1, 2022/12/19 18:19:44
E200 470F 45D0 6023 A129 010E, -57, 4.485359823777615, 920.4, 1, 2022/12/19 18:19:44
E200 470F 45D0 6023 A129 010E, -58.5, 4.325825821837508, 920.4, 4, 2022/12/19 18:19:45
E200 470F 45D0 6023 A129 010E, -58.5, 4.381049130201391, 920.4, 6, 2022/12/19 18:19:45
5598 0000 4004 0004 000C 0001, -53, 5.240078371417351, 920.4, 1, 2022/12/19 18:19:44
2200 43CB 43A1 D68A 543D 2981, -63, 5.786175531904639, 920.4, 1, 2022/12/19 18:19:44
9990 1912 9990 9990 9990 0125, -61.5, 0.8651651643675016, 920.4, 6, 2022/12/19 18:19:47
2200 0000 42C4 0644 0010 0001, -64.5, 1.5462526341887264, 920.4, 4, 2022/12/19 18:19:47
2200 43CB 43A1 E48A 543D 29B9, -66, 1.2578642460662257, 920.4, 4, 2022/12/19 18:19:47
5538 0000 4180 0400 0034 0007, -65.5, 1.8960002538266525, 920.4, 4, 2022/12/19 18:19:47
2200 43CB 43A1 DF8A 543D 29A5, -60, 4.246058820867455, 920.4, 4, 2022/12/19 18:19:47
9990 1912 9990 9990 9990 0113, -57, 6.013204688511713, 920.4, 4, 2022/12/19 18:19:47
7B49, -68.5, 5.700272607783043, 920.4, 4, 2022/12/19 18:19:46
2200 4444 B4D0 6014 04E6 3739, -63, 2.3009711818284617, 920.4, 4, 2022/12/19 18:19:47
9990 1912 9990 9990 9990 0107, -55, 0.944932165337555, 920.4, 4, 2022/12/19 18:19:47
2200 0004 A7E0 6014 04E6 376A, -64, 4.086524818927348, 920.4, 4, 2022/12/19 18:19:47
2200 4444 A450 6014 04E6 3731, -57.5, 5.896622148632405, 920.4, 4, 2022/12/19 18:19:47
2200 4444 A450 6014 04E6 3731, -60.5, 2.5893595699509624, 920.4, 6, 2022/12/19 18:19:47
2020 43CB 43A1 E38A 543D 29B5, -66, 6.178874613603362, 920.4, 1, 2022/12/19 18:19:46
2020 43CB 43A1 E38A 543D 29B5, -70, 5.890486225480862, 920.4, 4, 2022/12/19 18:19:47
E200 4710 6990 6026 B9C9 0110, -62, 0.12885438618239387, 920.4, 1, 2022/12/19 18:19:46
E200 4710 6990 6026 B9C9 0110, -64, 0.28838838812250056, 920.4, 4, 2022/12/19 18:19:47
5538 0000 4180 0400 0034 000B, -71.5, 0.11658253987930872, 920.4, 1, 2022/12/19 18:19:46
5538 0000 4180 0400 0034 000B, -65.5, 4.09266074207889, 920.4, 4, 2022/12/19 18:19:47
2020 43CB 43A1 E88A 543D 29C9, -62, 4.2031073588066565, 920.4, 1, 2022/12/19 18:19:46
2020 43CB 43A1 E88A 543D 29C9, -62, 4.970097752749477, 920.4, 4, 2022/12/19 18:19:47
5598 0000 4004 0004 000C 0001, -53.5, 5.283029833478148, 920.4, 1, 2022/12/19 18:19:46
2200 43CB 43A1 CD8A 543D 295D, -55.5, 2.0064468705544187, 920.4, 1, 2022/12/19 18:19:46
2200 43CB 43A1 CD8A 543D 295D, -69, 0.8774370106705868, 920.4, 4, 2022/12/19 18:19:47
2020 43CB 43A2 198A 543D 2A8D, -51.5, 4.933282213840222, 920.4, 1, 2022/12/19 18:19:46
2020 43CB 43A2 198A 543D 2A8D, -57.5, 6.080699843178682, 920.4, 4, 2022/12/19 18:19:47
2020 43CB 43A1 E78A 543D 29C5, -56.5, 5.546874528994478, 920.4, 1, 2022/12/19 18:19:46
2020 43CB 43A1 E78A 543D 29C5, -66, 6.264777537724958, 920.4, 4, 2022/12/19 18:19:46
2020 43CB 43A1 E78A 543D 29C5, -63.5, 4.902602598082509, 920.4, 6, 2022/12/19 18:19:47
2200 43CB 43A1 D68A 543D 2981, -63, 5.835262917116979, 920.4, 1, 2022/12/19 18:19:46
E200 470F 45D0 6023 A129 010E, -57, 4.362641360746763, 920.4, 1, 2022/12/19 18:19:46
E200 470F 45D0 6023 A129 010E, -59, 4.221515128261284, 920.4, 4, 2022/12/19 18:19:47
E200 470F 45D0 6023 A129 010E, -60, 0.9633399347921826, 920.4, 6, 2022/12/19 18:19:47
2020 43CB 43A1 E78A 543D 29C5, -63, 1.6382914814618648, 920.4, 6, 2022/12/19 18:19:49
9990 1912 9990 9990 9990 0125, -59, 0.9203884727313847, 920.4, 6, 2022/12/19 18:19:49
2200 0000 42C4 0644 0010 0001, -64.5, 1.5830681730979816, 920.4, 4, 2022/12/19 18:19:49
7B49, -66.5, 5.780039608753096, 920.4, 4, 2022/12/19 18:19:49
5538 0000 4180 0440 0034 0007, -72.5, 5.663457068873787, 920.4, 4, 2022/12/19 18:19:49
2200 4444 B4D0 6014 04E6 3739, -63.5, 2.6445828783148455, 920.4, 4, 2022/12/19 18:19:49
9990 1912 9990 9990 9990 0107, -55.5, 4.172427743048944, 920.4, 4, 2022/12/19 18:19:49
2200 43CB 43A1 E48A 543D 29B9, -65.5, 1.1351457830353744, 920.4, 4, 2022/12/19 18:19:49
2200 4444 A450 6014 04E6 3731, -57.5, 5.8475347634200645, 920.4, 4, 2022/12/19 18:19:49
2200 4444 A450 6014 04E6 3731, -60.5, 2.6261751088602177, 920.4, 6, 2022/12/19 18:19:49
2200 0004 A7E0 6014 04E6 376A, -64.5, 3.9944859716542096, 920.4, 4, 2022/12/19 18:19:49
5538 0000 4180 0400 0034 000B, -66.5, 3.706097583531709, 920.4, 4, 2022/12/19 18:19:49
5538 0000 4180 0400 0034 0007, -66, 2.1782527187976104, 920.4, 4, 2022/12/19 18:19:49
9990 1912 9990 9990 9990 0113, -57.5, 6.043884304269426, 920.4, 4, 2022/12/19 18:19:49
2200 43CB 43A1 CD8A 543D 295D, -55.5, 2.012582793705961, 920.4, 1, 2022/12/19 18:19:48
2200 43CB 43A1 CD8A 543D 295D, -68, 0.803805932852076, 920.4, 4, 2022/12/19 18:19:49
2200 43CB 43A1 DF8A 543D 29A5, -66.5, 0.7731263170943632, 920.4, 1, 2022/12/19 18:19:48
2200 43CB 43A1 DF8A 543D 29A5, -61, 1.0369710126106935, 920.4, 4, 2022/12/19 18:19:49
2020 0000 4000 0000 0000 0012, -66, 5.6143696836614465, 920.4, 1, 2022/12/19 18:19:48
2200 43CB 43A1 D68A 543D 2981, -63, 5.853670686571607, 920.4, 1, 2022/12/19 18:19:48
2020 43CB 43A1 E38A 543D 29B5, -65.5, 6.111379458936394, 920.4, 1, 2022/12/19 18:19:48
2020 43CB 43A1 E38A 543D 29B5, -69, 5.93343768754166, 920.4, 4, 2022/12/19 18:19:49
2020 43CB 43A1 E88A 543D 29C9, -62, 4.154019973594316, 920.4, 1, 2022/12/19 18:19:48
2020 43CB 43A1 E88A 543D 29C9, -62, 1.7794177139473437, 920.4, 4, 2022/12/19 18:19:49
E200 470F 45D0 6023 A129 010E, -57.5, 4.460816131171445, 920.4, 1, 2022/12/19 18:19:48
E200 470F 45D0 6023 A129 010E, -59, 4.411728745959104, 920.4, 4, 2022/12/19 18:19:49
E200 470F 45D0 6023 A129 010E, -59, 4.276738436625168, 920.4, 6, 2022/12/19 18:19:49
2020 43CB 43A2 198A 543D 2A8D, -51.5, 4.878058905476339, 920.4, 1, 2022/12/19 18:19:48
2020 43CB 43A2 198A 543D 2A8D, -57.5, 6.191146459906448, 920.4, 4, 2022/12/19 18:19:49
5598 0000 4004 0004 000C 0001, -53, 5.2339424482658075, 920.4, 1, 2022/12/19 18:19:48
2200 43CB 43A1 E98A 543D 29CD, -65.5, 3.356349963893783, 920.4, 1, 2022/12/19 18:19:48
E200 4710 6990 6026 B9C9 0110, -62, 0.1043106935762236, 920.4, 1, 2022/12/19 18:19:48
E200 4710 6990 6026 B9C9 0110, -61, 3.1968159619536762, 920.4, 1, 2022/12/19 18:19:48
9990 1912 9990 9990 9990 0125, -59, 0.9694758579437253, 920.4, 6, 2022/12/19 18:19:51
2200 43CB 43A1 DF8A 543D 29A5, -61.5, 4.1601558967458585, 920.4, 4, 2022/12/19 18:19:51
5538 0000 4180 0400 0034 0007, -66, 1.8039614065535141, 920.4, 4, 2022/12/19 18:19:51
9990 1912 9990 9990 9990 0107, -55, 1.0492428589137786, 920.4, 4, 2022/12/19 18:19:51
7B49, -66.5, 5.792311455056181, 920.4, 4, 2022/12/19 18:19:51
9990 1912 9990 9990 9990 0113, -57, 5.957981380147831, 920.4, 4, 2022/12/19 18:19:51
2200 4444 B4D0 6014 04E6 3739, -63, 2.675262494072558, 920.4, 4, 2022/12/19 18:19:51
2200 0004 A7E0 6014 04E6 376A, -64, 4.01902966426038, 920.4, 4, 2022/12/19 18:19:51
2200 4444 A450 6014 04E6 3731, -57.5, 5.755495916146925, 920.4, 4, 2022/12/19 18:19:51
2200 4444 A450 6014 04E6 3731, -60.5, 2.6691265709210157, 920.4, 6, 2022/12/19 18:19:51
2200 43CB 43A1 CD8A 543D 295D, -55.5, 2.018718716857504, 920.4, 1, 2022/12/19 18:19:50
2200 43CB 43A1 CD8A 543D 295D, -68, 0.7485826244881929, 920.4, 4, 2022/12/19 18:19:51
E200 4710 6990 6026 B9C9 0110, -61.5, 0, 920.4, 1, 2022/12/19 18:19:50
5538 0000 4180 0400 0034 000B, -72, 0.04908738521234052, 920.4, 1, 2022/12/19 18:19:50
5538 0000 4180 0400 0034 000B, -66, 3.9147189706841563, 920.4, 4, 2022/12/19 18:19:51
2200 43CB 43A1 E98A 543D 29CD, -67, 3.3870295796514958, 920.4, 1, 2022/12/19 18:19:50
2020 43CB 43A1 E38A 543D 29B5, -65.5, 6.129787228391022, 920.4, 1, 2022/12/19 18:19:50
2020 43CB 43A1 E38A 543D 29B5, -67.5, 5.878214379177777, 920.4, 4, 2022/12/19 18:19:51
2020 43CB 43A2 198A 543D 2A8D, -51.5, 4.9394181369917645, 920.4, 1, 2022/12/19 18:19:50
2020 43CB 43A2 198A 543D 2A8D, -57.5, 6.080699843178682, 920.4, 4, 2022/12/19 18:19:51
2020 43CB 43A1 E78A 543D 29C5, -56.5, 5.553010452146021, 920.4, 1, 2022/12/19 18:19:50
2020 43CB 43A1 E78A 543D 29C5, -65.5, 6.050020227420969, 920.4, 4, 2022/12/19 18:19:51
2020 43CB 43A1 E78A 543D 29C5, -62.5, 1.736466251886546, 920.4, 6, 2022/12/19 18:19:51
E200 470F 45D0 6023 A129 010E, -57.5, 4.344233591292136, 920.4, 1, 2022/12/19 18:19:50
E200 470F 45D0 6023 A129 010E, -59, 4.3074180523828804, 920.4, 4, 2022/12/19 18:19:51
E200 470F 45D0 6023 A129 010E, -59.5, 4.276738436625168, 920.4, 6, 2022/12/19 18:19:51
2020 43CB 43A1 E88A 543D 29C9, -62, 4.2031073588066565, 920.4, 1, 2022/12/19 18:19:50
5598 0000 4004 0004 000C 0001, -53.5, 5.246214294568893, 920.4, 1, 2022/12/19 18:19:50
9990 1912 9990 9990 9990 0125, -59, 0.9940195505498954, 920.4, 6, 2022/12/19 18:19:53
2200 43CB 43A1 DF8A 543D 29A5, -59.5, 4.2031073588066565, 920.4, 4, 2022/12/19 18:19:53
9990 1912 9990 9990 9990 0113, -59, 2.834796496012665, 920.4, 4, 2022/12/19 18:19:53
9990 1912 9990 9990 9990 0107, -55.5, 1.0062913968529805, 920.4, 4, 2022/12/19 18:19:53
5538 0000 4180 0400 0034 0007, -67, 1.7548740213411735, 920.4, 4, 2022/12/19 18:19:53
2200 4444 B4D0 6014 04E6 3739, -64, 2.380738182798515, 920.4, 4, 2022/12/19 18:19:53
7B49, -67, 5.6573211457222445, 920.4, 4, 2022/12/19 18:19:53
2200 0004 A7E0 6014 04E6 376A, -64, 3.792000507653305, 920.4, 4, 2022/12/19 18:19:53
2200 4444 A450 6014 04E6 3731, -57.5, 5.8659425328746915, 920.4, 4, 2022/12/19 18:19:53
2200 4444 A450 6014 04E6 3731, -61, 2.662990647769473, 920.4, 6, 2022/12/19 18:19:53
2200 43CB 43A1 E48A 543D 29B9, -70.5, 0.0859029241215959, 920.4, 1, 2022/12/19 18:19:52
2200 43CB 43A1 E48A 543D 29B9, -68, 1.239456476611598, 920.4, 4, 2022/12/19 18:19:53
2020 0000 4000 0000 0000 0012, -64, 2.399145952253143, 920.4, 1, 2022/12/19 18:19:52
2020 43CB 43A1 E88A 543D 29C9, -61.5, 4.074252972624263, 920.4, 1, 2022/12/19 18:19:52
5598 0000 4004 0004 000C 0001, -54.5, 5.393476450205914, 920.4, 1, 2022/12/19 18:19:52
2200 43CB 43A1 E98A 543D 29CD, -66, 3.031146036862027, 920.4, 1, 2022/12/19 18:19:52
2200 43CB 43A1 CD8A 543D 295D, -55, 1.9512235621905356, 920.4, 1, 2022/12/19 18:19:52
5538 0000 4180 0400 0034 000B, -72, 0.14112623248547898, 920.4, 1, 2022/12/19 18:19:52
5538 0000 4180 0400 0034 000B, -66, 4.01902966426038, 920.4, 4, 2022/12/19 18:19:53
2020 43CB 43A1 E38A 543D 29B5, -66, 6.209554229361076, 920.4, 1, 2022/12/19 18:19:52
2020 43CB 43A1 E78A 543D 29C5, -56.5, 5.43029198911517, 920.4, 1, 2022/12/19 18:19:52
2020 43CB 43A1 E78A 543D 29C5, -66, 0.05522330836388308, 920.4, 4, 2022/12/19 18:19:53
2020 43CB 43A1 E78A 543D 29C5, -63, 1.6751070203711202, 920.4, 6, 2022/12/19 18:19:53
2020 43CB 43A2 198A 543D 2A8D, -51.5, 4.871922982324796, 920.4, 1, 2022/12/19 18:19:52
2020 43CB 43A2 198A 543D 2A8D, -57.5, 6.252505691421874, 920.4, 4, 2022/12/19 18:19:53
E200 470F 45D0 6023 A129 010E, -59, 4.356505437595221, 920.4, 1, 2022/12/19 18:19:52
E200 470F 45D0 6023 A129 010E, -59.5, 4.276738436625168, 920.4, 4, 2022/12/19 18:19:53
E200 470F 45D0 6023 A129 010E, -59.5, 4.3503695144436785, 920.4, 6, 2022/12/19 18:19:53
2200 43CB 43A1 D68A 543D 2981, -62.5, 5.798447378207723, 920.4, 1, 2022/12/19 18:19:52
E200 4710 6990 6026 B9C9 0110, -61.5, 3.2949907323783574, 920.4, 1, 2022/12/19 18:19:52
E200 4710 6990 6026 B9C9 0110, -62.5, 0.0859029241215959, 920.4, 1, 2022/12/19 18:19:52
9990 1912 9990 9990 9990 0125, -59, 0.944932165337555, 920.4, 6, 2022/12/19 18:19:55
5538 0000 4180 0440 0034 0007, -73.5, 5.442563835418255, 920.4, 4, 2022/12/19 18:19:55
2200 0000 42C4 0644 0010 0001, -64.5, 1.5278448647340985, 920.4, 4, 2022/12/19 18:19:55
5538 0000 4180 0400 0034 000B, -66.5, 3.6692820446224537, 920.4, 4, 2022/12/19 18:19:55
9990 1912 9990 9990 9990 0107, -56, 4.196971435655114, 920.4, 4, 2022/12/19 18:19:55
2200 43CB 43A1 E48A 543D 29B9, -66, 1.1228739367322893, 920.4, 4, 2022/12/19 18:19:55
2200 0004 A7E0 6014 04E6 376A, -66, 4.061981126321178, 920.4, 4, 2022/12/19 18:19:55
2200 4444 B4D0 6014 04E6 3739, -63.5, 2.6445828783148455, 920.4, 4, 2022/12/19 18:19:55
7B49, -67.5, 6.000932842208628, 920.4, 4, 2022/12/19 18:19:55
2200 4444 A450 6014 04E6 3731, -57.5, 5.915029918087033, 920.4, 4, 2022/12/19 18:19:55
2200 4444 A450 6014 04E6 3731, -61, 5.8045833013592665, 920.4, 6, 2022/12/19 18:19:55
5538 0000 4180 0400 0034 0007, -66, 1.7978254834019713, 920.4, 4, 2022/12/19 18:19:55
9990 1912 9990 9990 9990 0113, -57.5, 6.000932842208628, 920.4, 4, 2022/12/19 18:19:55
2200 43CB 43A1 D68A 543D 2981, -64, 5.792311455056181, 920.4, 1, 2022/12/19 18:19:54
2200 43CB 43A1 DF8A 543D 29A5, -67, 0.8406214717613314, 920.4, 1, 2022/12/19 18:19:54
2200 43CB 43A1 DF8A 543D 29A5, -60, 4.154019973594316, 920.4, 4, 2022/12/19 18:19:55
E200 4710 6990 6026 B9C9 0110, -62.5, 6.258641614573416, 920.4, 1, 2022/12/19 18:19:54
2020 43CB 43A1 E38A 543D 29B5, -67, 6.209554229361076, 920.4, 1, 2022/12/19 18:19:54
2020 43CB 43A1 E38A 543D 29B5, -68.5, 5.47937937432751, 920.4, 4, 2022/12/19 18:19:55
2020 0000 4000 0000 0000 0012, -64, 2.4911847995262812, 920.4, 1, 2022/12/19 18:19:54
2020 43CB 43A1 E88A 543D 29C9, -61, 4.031301510563465, 920.4, 1, 2022/12/19 18:19:54
2020 43CB 43A1 E88A 543D 29C9, -61, 1.902136176978195, 920.4, 4, 2022/12/19 18:19:55
E200 470F 45D0 6023 A129 010E, -58.5, 4.25833066717054, 920.4, 1, 2022/12/19 18:19:54
E200 470F 45D0 6023 A129 010E, -59, 4.184699589352029, 920.4, 4, 2022/12/19 18:19:55
E200 470F 45D0 6023 A129 010E, -59, 4.344233591292136, 920.4, 6, 2022/12/19 18:19:55
2200 43CB 43A1 CD8A 543D 295D, -55, 1.932815792735908, 920.4, 1, 2022/12/19 18:19:54
2200 43CB 43A1 CD8A 543D 295D, -69, 0.944932165337555, 920.4, 4, 2022/12/19 18:19:55
2020 43CB 43A2 198A 543D 2A8D, -51.5, 4.902602598082509, 920.4, 1, 2022/12/19 18:19:54
2020 43CB 43A2 198A 543D 2A8D, -57.5, 6.105243535784852, 920.4, 4, 2022/12/19 18:19:55
5598 0000 4004 0004 000C 0001, -54, 5.270757987175063, 920.4, 1, 2022/12/19 18:19:54
2020 43CB 43A1 E78A 543D 29C5, -56.5, 5.381204603902829, 920.4, 1, 2022/12/19 18:19:54
2020 43CB 43A1 E78A 543D 29C5, -66.5, 6.019340611663256, 920.4, 4, 2022/12/19 18:19:55
2020 43CB 43A1 E78A 543D 29C5, -62.5, 1.748738098189631, 920.4, 6, 2022/12/19 18:19:55
9990 1912 9990 9990 9990 0125, -60, 0.9387962421860124, 920.4, 6, 2022/12/19 18:19:57
2200 43CB 43A1 CD8A 543D 295D, -68.5, 1.0062913968529805, 920.4, 4, 2022/12/19 18:19:57
7B49, -67.5, 5.737088146692298, 920.4, 4, 2022/12/19 18:19:57
5538 0000 4180 0400 0034 0007, -65, 1.9144080232812801, 920.4, 4, 2022/12/19 18:19:57
2020 43CB 43A1 E38A 543D 29B5, -67, 5.9088939949354895, 920.4, 4, 2022/12/19 18:19:57
2200 43CB 43A1 DF8A 543D 29A5, -59.5, 4.264466590322082, 920.4, 4, 2022/12/19 18:19:57
2200 0004 A7E0 6014 04E6 376A, -64.5, 4.135612204139688, 920.4, 4, 2022/12/19 18:19:57
9990 1912 9990 9990 9990 0113, -57.5, 5.988660995905543, 920.4, 4, 2022/12/19 18:19:57
9990 1912 9990 9990 9990 0107, -55.5, 1.0185632431560658, 920.4, 4, 2022/12/19 18:19:57
2200 4444 B4D0 6014 04E6 3739, -62.5, 2.454369260617026, 920.4, 4, 2022/12/19 18:19:57
2200 4444 A450 6014 04E6 3731, -57.5, 5.743224069843841, 920.4, 4, 2022/12/19 18:19:57
2200 4444 A450 6014 04E6 3731, -61, 2.7120780329818137, 920.4, 6, 2022/12/19 18:19:57
5538 0000 4180 0400 0034 000B, -72, 6.277049384028044, 920.4, 1, 2022/12/19 18:19:56
5538 0000 4180 0400 0034 000B, -65.5, 0.8651651643675016, 920.4, 4, 2022/12/19 18:19:57
2200 43CB 43A1 E48A 543D 29B9, -70, 0.05522330836388308, 920.4, 1, 2022/12/19 18:19:56
2200 43CB 43A1 E48A 543D 29B9, -68, 1.2087768608538851, 920.4, 4, 2022/12/19 18:19:57
E200 4710 6990 6026 B9C9 0110, -62, 0, 920.4, 1, 2022/12/19 18:19:56
2020 43CB 43A1 E78A 543D 29C5, -56.5, 5.424156065963627, 920.4, 1, 2022/12/19 18:19:56
2020 43CB 43A1 E78A 543D 29C5, -68.5, 3.067961575771282, 920.4, 4, 2022/12/19 18:19:57
2020 43CB 43A1 E78A 543D 29C5, -63, 1.5830681730979816, 920.4, 6, 2022/12/19 18:19:57
2200 43CB 43A1 D68A 543D 2981, -62.5, 5.792311455056181, 920.4, 1, 2022/12/19 18:19:56
2020 0000 4000 0000 0000 0012, -64, 2.3623304133438876, 920.4, 1, 2022/12/19 18:19:56
5598 0000 4004 0004 000C 0001, -54.5, 5.3627968344482015, 920.4, 1, 2022/12/19 18:19:56
E200 470F 45D0 6023 A129 010E, -58.5, 4.313553975534423, 920.4, 1, 2022/12/19 18:19:56
E200 470F 45D0 6023 A129 010E, -59.5, 4.338097668140593, 920.4, 4, 2022/12/19 18:19:57
E200 470F 45D0 6023 A129 010E, -59.5, 4.399456899656019, 920.4, 6, 2022/12/19 18:19:57
2020 43CB 43A1 E88A 543D 29C9, -61.5, 4.178563666200486, 920.4, 1, 2022/12/19 18:19:56
2020 43CB 43A1 E88A 543D 29C9, -62, 1.7978254834019713, 920.4, 4, 2022/12/19 18:19:57
2020 43CB 43A2 198A 543D 2A8D, -52, 4.908738521234052, 920.4, 1, 2022/12/19 18:19:56
2020 43CB 43A2 198A 543D 2A8D, -57.5, 6.19728238305799, 920.4, 4, 2022/12/19 18:19:57
2200 43CB 43A1 E98A 543D 29CD, -65, 3.368621810196868, 920.4, 1, 2022/12/19 18:19:56
9990 1912 9990 9990 9990 0125, -59.5, 0.9633399347921826, 920.4, 6, 2022/12/19 18:19:59
2200 43CB 43A1 DF8A 543D 29A5, -60.5, 4.025165587411922, 920.4, 4, 2022/12/19 18:19:59
5538 0000 4180 0400 0034 000B, -66, 4.129476280988146, 920.4, 4, 2022/12/19 18:19:59
7B49, -66.5, 5.5714182216006485, 920.4, 4, 2022/12/19 18:19:59
2200 0000 42C4 0644 0010 0001, -64.5, 1.552388557340269, 920.4, 4, 2022/12/19 18:19:59
5538 0000 4180 0400 0034 0007, -67, 2.141437179888355, 920.4, 4, 2022/12/19 18:19:59
9990 1912 9990 9990 9990 0113, -57.5, 6.074563920027139, 920.4, 4, 2022/12/19 18:19:59
2200 43CB 43A1 E48A 543D 29B9, -65.5, 1.0676506283684062, 920.4, 4, 2022/12/19 18:19:59
2200 0004 A7E0 6014 04E6 376A, -64.5, 4.166291819897402, 920.4, 4, 2022/12/19 18:19:59
9990 1912 9990 9990 9990 0107, -55, 1.0799224746714913, 920.4, 4, 2022/12/19 18:19:59
2200 4444 B4D0 6014 04E6 3739, -63, 2.767301341345697, 920.4, 4, 2022/12/19 18:19:59
2200 4444 A450 6014 04E6 3731, -57.5, 5.853670686571607, 920.4, 4, 2022/12/19 18:19:59
2200 4444 A450 6014 04E6 3731, -60.5, 5.8659425328746915, 920.4, 6, 2022/12/19 18:19:59
E200 4710 6990 6026 B9C9 0110, -62.5, 6.252505691421874, 920.4, 1, 2022/12/19 18:19:58
2020 43CB 43A1 E38A 543D 29B5, -66, 6.086835766330224, 920.4, 1, 2022/12/19 18:19:58
2020 43CB 43A1 E38A 543D 29B5, -69.5, 5.8475347634200645, 920.4, 4, 2022/12/19 18:19:59
2020 43CB 43A2 198A 543D 2A8D, -52.5, 4.921010367537137, 920.4, 1, 2022/12/19 18:19:58
2020 43CB 43A2 198A 543D 2A8D, -57.5, 6.191146459906448, 920.4, 4, 2022/12/19 18:19:59
5598 0000 4004 0004 000C 0001, -54.5, 5.418020142812084, 920.4, 1, 2022/12/19 18:19:58
2200 43CB 43A1 E98A 543D 29CD, -66, 3.3195344249845276, 920.4, 1, 2022/12/19 18:19:58
2020 43CB 43A1 E78A 543D 29C5, -56.5, 5.436427912266712, 920.4, 1, 2022/12/19 18:19:58
2020 43CB 43A1 E78A 543D 29C5, -66, 6.111379458936394, 920.4, 4, 2022/12/19 18:19:59
2020 43CB 43A1 E78A 543D 29C5, -62.5, 4.7860200582032, 920.4, 6, 2022/12/19 18:19:59
2200 43CB 43A1 CD8A 543D 295D, -55.5, 1.9205439464328227, 920.4, 1, 2022/12/19 18:19:58
2200 43CB 43A1 CD8A 543D 295D, -69, 1.0185632431560658, 920.4, 4, 2022/12/19 18:19:59
E200 470F 45D0 6023 A129 010E, -58.5, 4.338097668140593, 920.4, 1, 2022/12/19 18:19:58
E200 470F 45D0 6023 A129 010E, -59.5, 4.319689898685965, 920.4, 4, 2022/12/19 18:19:59
E200 470F 45D0 6023 A129 010E, -59, 4.411728745959104, 920.4, 6, 2022/12/19 18:19:59
2020 43CB 43A1 E88A 543D 29C9, -61, 4.1601558967458585, 920.4, 1, 2022/12/19 18:19:58
2020 43CB 43A1 E88A 543D 29C9, -61.5, 1.8837284075235674, 920.4, 4, 2022/12/19 18:19:59
9990 1912 9990 9990 9990 0125, -59.5, 0.9694758579437253, 920.4, 6, 2022/12/19 18:20:01
5538 0000 4180 0440 0034 0007, -72, 5.5100589900852235, 920.4, 4, 2022/12/19 18:20:01
7B49, -69, 5.816855147662351, 920.4, 4, 2022/12/19 18:20:01
2200 0000 42C4 0644 0010 0001, -64, 1.5830681730979816, 920.4, 4, 2022/12/19 18:20:01
2200 43CB 43A1 E48A 543D 29B9, -65.5, 1.2087768608538851, 920.4, 4, 2022/12/19 18:20:01
5538 0000 4180 0400 0034 0007, -65.5, 1.9880391010997909, 920.4, 4, 2022/12/19 18:20:01
5538 0000 4180 0400 0034 000B, -66, 4.227651051412827, 920.4, 4, 2022/12/19 18:20:01
2200 0004 A7E0 6014 04E6 376A, -65.5, 3.877903431774901, 920.4, 4, 2022/12/19 18:20:01
2200 4444 B4D0 6014 04E6 3739, -63, 2.564815877344792, 920.4, 4, 2022/12/19 18:20:01
9990 1912 9990 9990 9990 0107, -55.5, 1.0246991663076084, 920.4, 4, 2022/12/19 18:20:01
2200 4444 A450 6014 04E6 3731, -57.5, 5.8045833013592665, 920.4, 4, 2022/12/19 18:20:01
2200 4444 A450 6014 04E6 3731, -61, 2.736621725587984, 920.4, 6, 2022/12/19 18:20:01
9990 1912 9990 9990 9990 0113, -57.5, 5.970253226450915, 920.4, 4, 2022/12/19 18:20:01
2020 43CB 43A1 E38A 543D 29B5, -66, 6.031612457966341, 920.4, 1, 2022/12/19 18:20:00
2020 43CB 43A1 E38A 543D 29B5, -68, 6.000932842208628, 920.4, 4, 2022/12/19 18:20:01
2200 43CB 43A1 DF8A 543D 29A5, -67.5, 4.1172044346850605, 920.4, 1, 2022/12/19 18:20:00
2200 43CB 43A1 DF8A 543D 29A5, -61, 4.172427743048944, 920.4, 4, 2022/12/19 18:20:01
2020 43CB 43A1 E88A 543D 29C9, -61.5, 4.049709280018092, 920.4, 1, 2022/12/19 18:20:00
2020 43CB 43A1 E88A 543D 29C9, -62, 1.8837284075235674, 920.4, 4, 2022/12/19 18:20:01
2200 43CB 43A1 E98A 543D 29CD, -65.5, 3.1968159619536762, 920.4, 1, 2022/12/19 18:20:00
2020 0000 4000 0000 0000 0012, -65, 2.509592568980909, 920.4, 1, 2022/12/19 18:20:00
2200 43CB 43A1 D68A 543D 2981, -62.5, 5.749359992995383, 920.4, 1, 2022/12/19 18:20:00
2020 43CB 43A2 198A 543D 2A8D, -51.5, 4.908738521234052, 920.4, 1, 2022/12/19 18:20:00
2020 43CB 43A2 198A 543D 2A8D, -57.5, 6.14819499784565, 920.4, 4, 2022/12/19 18:20:01
2020 43CB 43A1 E78A 543D 29C5, -56.5, 5.405748296509, 920.4, 1, 2022/12/19 18:20:00
2020 43CB 43A1 E78A 543D 29C5, -67, 6.191146459906448, 920.4, 4, 2022/12/19 18:20:01
2020 43CB 43A1 E78A 543D 29C5, -62.5, 1.7548740213411735, 920.4, 6, 2022/12/19 18:20:01
E200 470F 45D0 6023 A129 010E, -59, 4.295146206079795, 920.4, 1, 2022/12/19 18:20:00
E200 470F 45D0 6023 A129 010E, -59, 4.23378697456437, 920.4, 4, 2022/12/19 18:20:01
E200 470F 45D0 6023 A129 010E, -59.5, 4.313553975534423, 920.4, 6, 2022/12/19 18:20:01
2200 43CB 43A1 CD8A 543D 295D, -55.5, 1.9941750242513334, 920.4, 1, 2022/12/19 18:20:00
5598 0000 4004 0004 000C 0001, -54.5, 2.2886993355253766, 920.4, 1, 2022/12/19 18:20:00
E200 4710 6990 6026 B9C9 0110, -61.5, 3.074097498922825, 920.4, 1, 2022/12/19 18:20:00
E200 4710 6990 6026 B9C9 0110, -62.5, 6.264777537724958, 920.4, 1, 2022/12/19 18:20:00
9990 1912 9990 9990 9990 0125, -59.5, 0.8897088569736719, 920.4, 6, 2022/12/19 18:20:03
2200 0000 42C4 0644 0010 0001, -64, 1.533980787885641, 920.4, 4, 2022/12/19 18:20:03
5538 0000 4180 0440 0034 0007, -72, 5.626641529964532, 920.4, 4, 2022/12/19 18:20:03
9990 1912 9990 9990 9990 0113, -57, 6.068427996875596, 920.4, 4, 2022/12/19 18:20:03
2200 43CB 43A1 DF8A 543D 29A5, -59.5, 4.1417481272912315, 920.4, 4, 2022/12/19 18:20:03
5538 0000 4180 0400 0034 000B, -66, 4.123340357836604, 920.4, 4, 2022/12/19 18:20:03
9990 1912 9990 9990 9990 0107, -55.5, 1.0246991663076084, 920.4, 4, 2022/12/19 18:20:03
7B49, -67, 6.111379458936394, 920.4, 4, 2022/12/19 18:20:03
2200 0004 A7E0 6014 04E6 376A, -65.5, 3.9576704327449543, 920.4, 4, 2022/12/19 18:20:03
2200 4444 A450 6014 04E6 3731, -57.5, 5.902758071783947, 920.4, 4, 2022/12/19 18:20:03
2200 4444 A450 6014 04E6 3731, -60.5, 2.6875343403756435, 920.4, 6, 2022/12/19 18:20:03
2200 4444 B4D0 6014 04E6 3739, -63.5, 2.5586799541932495, 920.4, 4, 2022/12/19 18:20:03
5538 0000 4180 0400 0034 0007, -66, 1.846912868614312, 920.4, 4, 2022/12/19 18:20:03
2020 0000 4000 0000 0000 0012, -66.5, 5.688000761479957, 920.4, 1, 2022/12/19 18:20:02
E200 4710 6990 6026 B9C9 0110, -62.5, 0, 920.4, 1, 2022/12/19 18:20:02
2020 43CB 43A1 E38A 543D 29B5, -66, 6.14819499784565, 920.4, 1, 2022/12/19 18:20:02
2020 43CB 43A1 E38A 543D 29B5, -67, 6.19728238305799, 920.4, 4, 2022/12/19 18:20:03
2200 43CB 43A1 E48A 543D 29B9, -70, 0.11658253987930872, 920.4, 1, 2022/12/19 18:20:02
2200 43CB 43A1 E48A 543D 29B9, -67.5, 1.0737865515199487, 920.4, 4, 2022/12/19 18:20:03
2020 43CB 43A1 E78A 543D 29C5, -56.5, 5.424156065963627, 920.4, 1, 2022/12/19 18:20:02
2020 43CB 43A1 E78A 543D 29C5, -66, 0.030679615757712823, 920.4, 4, 2022/12/19 18:20:03
2020 43CB 43A1 E78A 543D 29C5, -62.5, 1.6505633277649499, 920.4, 6, 2022/12/19 18:20:03
2200 43CB 43A1 D68A 543D 2981, -63, 5.755495916146925, 920.4, 1, 2022/12/19 18:20:02
2200 43CB 43A1 E98A 543D 29CD, -66, 3.356349963893783, 920.4, 1, 2022/12/19 18:20:02
E200 470F 45D0 6023 A129 010E, -59, 4.252194744018997, 920.4, 1, 2022/12/19 18:20:02
E200 470F 45D0 6023 A129 010E, -58.5, 4.368777283898306, 920.4, 4, 2022/12/19 18:20:03
E200 470F 45D0 6023 A129 010E, -59, 4.3503695144436785, 920.4, 6, 2022/12/19 18:20:03
2020 43CB 43A1 E88A 543D 29C9, -61.5, 4.06811704947272, 920.4, 1, 2022/12/19 18:20:02
2020 43CB 43A1 E88A 543D 29C9, -61, 1.9512235621905356, 920.4, 4, 2022/12/19 18:20:03
2200 43CB 43A1 CD8A 543D 295D, -55.5, 1.9573594853420782, 920.4, 1, 2022/12/19 18:20:02
2200 43CB 43A1 CD8A 543D 295D, -68.5, 4.006757817957295, 920.4, 4, 2022/12/19 18:20:03
2020 43CB 43A2 198A 543D 2A8D, -51.5, 4.914874444385594, 920.4, 1, 2022/12/19 18:20:02
2020 43CB 43A2 198A 543D 2A8D, -57.5, 6.062292073724054, 920.4, 4, 2022/12/19 18:20:03
5598 0000 4004 0004 000C 0001, -54.5, 5.387340527054372, 920.4, 1, 2022/12/19 18:20:02
2200 43CB 43A1 E48A 543D 29B9, -68.5, 1.3130875544301088, 920.4, 4, 2022/12/19 18:20:05
2020 43CB 43A1 E88A 543D 29C9, -61.5, 1.932815792735908, 920.4, 4, 2022/12/19 18:20:05
5538 0000 4180 0440 0034 0007, -71.5, 5.5714182216006485, 920.4, 4, 2022/12/19 18:20:05
2020 43CB 43A1 E38A 543D 29B5, -69.5, 5.491651220630596, 920.4, 4, 2022/12/19 18:20:05
9990 1912 9990 9990 9990 0113, -57.5, 6.080699843178682, 920.4, 4, 2022/12/19 18:20:05
9990 1912 9990 9990 9990 0107, -56, 0.9756117810952678, 920.4, 4, 2022/12/19 18:20:05
2200 0004 A7E0 6014 04E6 376A, -65, 4.28287435977671, 920.4, 4, 2022/12/19 18:20:05
2200 4444 B4D0 6014 04E6 3739, -62.5, 2.380738182798515, 920.4, 4, 2022/12/19 18:20:05
7B49, -67.5, 5.737088146692298, 920.4, 4, 2022/12/19 18:20:05
5538 0000 4180 0400 0034 0007, -65, 2.2580197197676637, 920.4, 4, 2022/12/19 18:20:05
2200 4444 A450 6014 04E6 3731, -56.5, 5.829126993965437, 920.4, 4, 2022/12/19 18:20:05
2200 4444 A450 6014 04E6 3731, -60, 2.859340188618835, 920.4, 6, 2022/12/19 18:20:05
2200 43CB 43A1 CD8A 543D 295D, -55.5, 1.846912868614312, 920.4, 1, 2022/12/19 18:20:04
5538 0000 4180 0400 0034 000B, -72, 6.0991076126333095, 920.4, 1, 2022/12/19 18:20:04
5538 0000 4180 0400 0034 000B, -66.5, 3.552699504743145, 920.4, 4, 2022/12/19 18:20:05
5598 0000 4004 0004 000C 0001, -55, 5.405748296509, 920.4, 1, 2022/12/19 18:20:04
2200 43CB 43A1 E98A 543D 29CD, -67.5, 3.3624858870453256, 920.4, 1, 2022/12/19 18:20:04
2200 43CB 43A1 E98A 543D 29CD, -70.5, 1.8039614065535141, 920.4, 6, 2022/12/19 18:20:05
2200 43CB 43A1 DF8A 543D 29A5, -63.5, 1.5278448647340985, 920.4, 1, 2022/12/19 18:20:04
2200 43CB 43A1 DF8A 543D 29A5, -61.5, 3.933126740138784, 920.4, 4, 2022/12/19 18:20:05
2200 43CB 43A1 D68A 543D 2981, -65, 2.5402721847386216, 920.4, 1, 2022/12/19 18:20:04
2020 43CB 43A2 198A 543D 2A8D, -52.5, 5.049864753719531, 920.4, 1, 2022/12/19 18:20:04
2020 43CB 43A2 198A 543D 2A8D, -58, 6.043884304269426, 920.4, 4, 2022/12/19 18:20:05
2020 43CB 43A1 E78A 543D 29C5, -56.5, 5.387340527054372, 920.4, 1, 2022/12/19 18:20:04
2020 43CB 43A1 E78A 543D 29C5, -66.5, 6.135923151542564, 920.4, 4, 2022/12/19 18:20:05
2020 43CB 43A1 E78A 543D 29C5, -63, 1.6505633277649499, 920.4, 6, 2022/12/19 18:20:05
E200 4710 6990 6026 B9C9 0110, -60.5, 3.5895150436524004, 920.4, 1, 2022/12/19 18:20:04
E200 4710 6990 6026 B9C9 0110, -61.5, 0.4356505437595221, 920.4, 1, 2022/12/19 18:20:04
E200 470F 45D0 6023 A129 010E, -59, 4.289010282928253, 920.4, 1, 2022/12/19 18:20:04
E200 470F 45D0 6023 A129 010E, -58, 4.270602513473625, 920.4, 4, 2022/12/19 18:20:05
E200 470F 45D0 6023 A129 010E, -60.5, 3.77972866135022, 920.4, 6, 2022/12/19 18:20:05
